{"level0": {"Compliance": [44.546919264421334, 22.920849601304223, 19.773527116469108, 16.370164452527472, 12.757197029452756, 9.372272533947065, 7.738796754092602, 6.880423298186722, 6.356191622301541, 6.16568040476152, 6.166762209234912, 6.185403224656488, 6.188561332647737, 6.204711945086656, 6.184662355288314, 6.182733308720144, 6.1844682332585865, 6.183394125631084, 6.1893140999319485, 6.200271321017688, 6.202157739594613, 6.2055463375598725, 6.209627348556754, 6.209993018796699, 6.2106588637552305, 6.2126484654318865, 6.209619573102825, 6.211628760855503, 6.211914570358868, 6.211006676028504, 6.210465436976044, 6.211529155510746, 6.213238980792065, 6.210161240135769, 6.208786673613913, 6.212264828259396, 6.213466472219641, 6.214168670531908, 6.214167810786268, 6.21415910233829, 6.214138776335362, 6.213609769331378, 6.2137771201203735, 6.213784186199634, 6.213790586768754, 6.213846970920314, 6.214095312209197, 6.214130257198592, 6.213872628549632, 6.213136062842196, 6.213373198171472, 6.2141254502147, 6.21428663541033, 6.2141430280682215, 6.214138217767401, 6.214138124250443, 6.214138121698072, 6.214138263491398, 6.214138216164184, 6.214137847571452, 6.214139874502718, 6.214138089436744, 6.214138113813623, 6.21413896905354, 6.214138111998959, 6.214138336995064, 6.214138130181828, 6.214138113869648, 6.214138112182875, 6.2141381120179116, 6.214138112001283, 6.214138111999048, 6.2141381119994605, 6.214138111999118, 6.21413811200048, 6.214138111999271, 6.214138111999814, 6.2141381120005805, 6.214138112000789, 6.21413811200048, 6.21413811200048, 6.21413811200048, 6.21413811200048, 6.21413811200048, 6.21413811200048, 6.21413811200048, 6.21413811200048, 6.21413811200048, 6.21413811200048, 6.21413811200048, 6.21413811200048, 6.21413811200048, 6.21413811200048, 6.21413811200048, 6.21413811200048, 6.21413811200048, 6.21413811200048, 6.21413811200048, 6.21413811200048, 6.21413811200048], "Appearance": [37.76397360254859, 37.80666091227724, 37.7404272772332, 37.652020927837306, 37.137042587028326, 36.83013862728789, 36.711075340799724, 36.708829603852365, 36.76609275042554, 36.3982706483752, 35.91527845694099, 35.2849996809891, 34.87439522381703, 34.205702720765885, 33.75479056775979, 33.07510296826621, 32.77553258414971, 31.990191025555323, 31.229704986671113, 30.678029647391902, 30.260678968158814, 29.981569527037536, 29.708029077204678, 29.471713901259662, 29.331133597113, 29.175893841076846, 29.00550256968249, 28.87986950485739, 28.798378109278836, 28.706534407775102, 28.621712949535883, 28.558413827710382, 28.494030241358598, 28.419437421127427, 28.327367830469225, 28.24410426824388, 28.208338988379694, 28.1839609136091, 28.183968384933433, 28.166870591982562, 28.184217273476847, 28.17085280753537, 28.12899091961651, 28.144883323172262, 28.144863780982927, 28.12798429643578, 28.12411755715174, 28.12055341503655, 28.114586604352077, 28.106518104092114, 28.089590997356144, 28.085661476286198, 28.11568323879731, 28.115361958098582, 28.100268776687162, 28.082862474191284, 28.082862495931465, 28.082698210331106, 28.082698635058218, 28.0827017600927, 28.08277367989104, 28.098221250660888, 28.08267542390731, 28.098111042851848, 28.082641377969146, 28.098351372515207, 28.115717136813135, 28.09838577365919, 28.10018692664212, 28.085024170188355, 28.10055766631437, 28.09838612042316, 28.083223336049457, 28.100557666646537, 28.067478593564225, 28.083223336052985, 28.085024173366726, 28.098386120457878, 28.09838612045786, 28.100557666646825, 28.08502417336673, 28.067478593564232, 28.100186957771612, 28.11572045105171, 28.083223336052978, 28.09838612045786, 28.098386120457874, 28.10055766664683, 28.115720451051736, 28.09838612045786, 28.067478593564225, 28.100557666646854, 28.10018695777162, 28.083223336052995, 28.115720451051747, 28.098386120457885, 28.08264137796913, 28.083223336052974, 28.09838612045786, 28.098386120457885]}, "level1": {"Compliance": [6.998865661215243, 6.998865661215243, 6.9884932439855065, 6.910651460547429, 6.59985753603269, 6.206154808856045, 6.206154808856045, 6.226597243468634, 6.364994226965394, 6.323739318789794, 6.457283594624677, 6.501942772364756, 6.5337656523050835, 6.543886502364172, 6.549314376102645, 6.519247216962404, 6.54137513730441, 6.547561339027951, 6.551881792280778, 6.537527151390008, 6.549008109119358, 6.553358634475691, 6.541733915580495, 6.551223302992667, 6.553703836554123, 6.554222593631866, 6.545180233825222, 6.551261585994061, 6.554133931415079, 6.547020086828004, 6.553079736016304, 6.554710610349506, 6.555011846108773, 6.552041470814758, 6.553865520880729, 6.554547687603041, 6.550447503575341, 6.553272859737771, 6.554552958059366, 6.549360625604686, 6.553838879680015, 6.554959575677665, 6.555114654318515, 6.555139022291527, 6.554963135930173, 6.554593987917768, 6.554557061164486, 6.554553368371793, 6.554552999090957, 6.554552962163905, 6.554552958472312], "Appearance": [21.967107789516913, 21.8530207854159, 21.550524040769865, 20.499280347621312, 19.7249959017912, 19.0495702029714, 18.741492091460593, 18.51498125368818, 18.324676113549703, 18.17032961264271, 17.715020792128403, 17.608169390626543, 17.417897626076073, 17.446823831239783, 17.372033497341288, 17.245767973134395, 17.300428008468394, 17.22464853939871, 17.147638112097688, 17.092296604171533, 17.014501790734887, 17.015291197074646, 16.94623459567625, 16.894852365753902, 16.90238153103175, 16.864574640273965, 16.82089178352664, 16.80459359358312, 16.75326033370233, 16.709749933665947, 16.68780394820236, 16.665362465499708, 16.61522525694779, 16.640551351108616, 16.628818641399, 16.617970330086088, 16.6488014472048, 16.662785343116344, 16.631643519453117, 16.65315934735749, 16.633235420931957, 16.63763451582249, 16.625368292316523, 16.659284796478076, 16.628323226573094]}, "level2": {"Compliance": [7.165863700058277, 7.165863700058277, 7.163047303892835, 7.138925463180483, 6.992575643635657, 6.992575643635657, 6.995213750216773, 6.9968787975778435, 6.9984967238808, 6.944856223624313, 6.8987230557865615, 6.932204686883508, 6.956434915665909, 6.993361609817156, 7.006529696730946, 7.010340348471281, 6.997567493758224, 7.010515169942987, 7.012032419099909, 7.012339992383679, 7.01115779456636, 7.0104221380012115, 7.010348527859552, 7.010341166422204, 7.010340430265675, 7.010340356653447], "Appearance": [7.321618455894372, 7.318351543398031, 7.294816557932315, 7.237682493843562, 6.937645780167822, 6.242824415558248, 6.246908603330143, 6.139479753498577, 5.861196465728899, 5.799042191700832, 5.712406145666752, 5.892457960609357, 5.720037837259792, 5.745585815513764, 5.731756879669672, 5.7233727101828675, 5.7350792468858725, 5.722198558950416, 5.724596274987619, 5.7336498812367, 5.723773340444172]}}