{"level0": {"Compliance": [44.546919264421334, 22.920849487123846, 19.773527047572447, 16.370164437659845, 12.757197110701306, 9.372272618670015, 7.738796762587349, 6.919004833319409, 6.970020987332552, 7.022472247095844], "Appearance": [37.73461444902296, 37.9134323885689, 37.84503146307842, 37.8758028485877, 37.85879471176571, 38.04674046734878, 37.97714240399472, 37.99561371446017, 36.860410743903074, 36.1347549192884]}, "level1": {"Compliance": [7.530749128428991, 7.530749128428991, 7.5104297368585, 7.3543928430691405, 6.694542499983336, 6.694542499983336], "Appearance": [24.829196238658145]}, "level2": {"Compliance": [7.171685676792821, 7.171685676792821, 7.169376986770693], "Appearance": [14.037146610721061, 14.020712964916033]}}